crop,soil_moisture,ndvi,humidity,temperature,rainfall,quality_score,health_score,base_price,market_price
Wheat,71.44,0.563,81.52,32.64,4.24,50.87,61.88,2425,2128.0
Wheat,32.69,0.57,52.25,37.46,28.97,63.87,67.46,2425,2283.22
Wheat,58.28,0.338,79.66,31.26,34.11,43.45,53.19,2425,2011.21
Wheat,71.7,0.417,58.0,18.92,6.94,50.91,67.3,2425,2138.67
Wheat,44.55,0.522,58.17,21.98,5.85,52.86,59.37,2425,2229.64
Wheat,51.23,0.8,72.02,24.56,37.45,81.05,79.55,2425,2663.63
Wheat,65.95,0.384,41.99,18.15,35.41,51.82,43.16,2425,2079.79
Wheat,52.53,0.641,38.39,20.41,30.08,74.83,57.86,2425,2446.01
Wheat,63.08,0.632,63.55,24.38,1.39,63.65,74.49,2425,2361.54
Wheat,76.2,0.44,33.5,23.91,13.21,52.55,49.86,2425,2152.22
Wheat,64.86,0.544,78.84,21.51,1.02,57.33,54.66,2425,2261.91
Wheat,34.68,0.601,39.14,32.62,20.08,59.34,61.71,2425,2265.82
Wheat,46.71,0.353,37.08,38.2,40.89,41.35,45.3,2425,2081.53
Wheat,71.73,0.73,56.96,23.72,4.34,68.22,80.9,2425,2319.48
Wheat,43.36,0.648,40.61,35.99,34.13,63.08,68.4,2425,2350.12
Wheat,60.05,0.69,35.07,26.73,1.87,79.68,72.79,2425,2629.67
Wheat,31.2,0.653,40.24,37.43,26.15,54.09,70.65,2425,2210.2
Wheat,82.51,0.589,76.96,19.74,21.9,74.11,66.14,2425,2411.4
Wheat,53.41,0.46,49.89,28.93,19.75,55.81,62.72,2425,2240.04
Wheat,33.41,0.632,36.51,32.12,12.66,63.4,74.08,2425,2383.84
Wheat,31.46,0.85,43.81,18.79,24.97,89.01,77.07,2425,2820.28
Wheat,44.03,0.872,47.46,28.82,11.52,78.25,85.76,2425,2590.19
Wheat,51.11,0.895,83.5,33.72,40.09,85.6,83.76,2425,2838.05
Wheat,71.32,0.697,52.42,19.98,33.61,69.18,67.29,2425,2314.11
Wheat,32.37,0.799,39.2,21.76,26.97,66.34,72.24,2425,2462.67
Wheat,83.31,0.6,38.63,18.29,10.33,57.67,66.91,2425,2092.89
Wheat,55.38,0.717,64.87,22.2,36.19,80.52,68.73,2425,2598.13
Wheat,32.43,0.857,53.85,24.32,21.99,80.29,90.83,2425,2664.74
Wheat,80.49,0.315,63.31,31.31,4.77,38.67,50.78,2425,2164.88
Wheat,60.76,0.86,78.26,27.82,35.31,85.06,87.35,2425,2671.81
Wheat,72.81,0.44,61.85,30.73,39.05,62.8,55.46,2425,2224.62
Wheat,64.12,0.82,57.23,23.2,10.65,72.66,91.83,2425,2817.05
Wheat,28.99,0.657,38.77,35.32,13.97,60.39,71.26,2425,2357.2
Wheat,42.08,0.392,36.93,18.44,2.49,49.32,46.95,2425,2125.2
Wheat,65.84,0.536,49.08,28.6,39.38,54.41,63.7,2425,2202.13
Wheat,39.96,0.643,54.98,19.03,16.81,66.3,64.96,2425,2482.44
Wheat,28.12,0.855,35.95,35.72,40.62,68.77,77.2,2425,2482.93
Wheat,63.55,0.767,38.07,29.26,23.14,84.55,61.57,2425,2603.93
Wheat,63.37,0.46,38.39,28.04,18.76,64.62,46.82,2425,2366.89
Wheat,44.65,0.528,71.14,24.23,42.7,61.81,70.17,2425,2436.53
Wheat,57.13,0.809,69.16,34.89,23.97,81.29,76.82,2425,2721.97
Wheat,37.14,0.717,81.64,20.77,27.65,73.44,80.29,2425,2600.76
Wheat,81.16,0.382,87.53,34.82,26.72,46.44,44.48,2425,1952.0
Wheat,40.2,0.654,35.7,30.94,7.71,72.54,69.48,2425,2291.2
Wheat,56.36,0.758,77.95,28.34,26.98,74.06,77.76,2425,2404.0
Wheat,30.26,0.695,55.12,34.26,30.21,71.38,75.1,2425,2510.0
Wheat,41.23,0.519,48.87,21.31,6.65,62.48,55.63,2425,2284.47
Wheat,68.78,0.632,86.17,34.39,21.57,64.47,71.17,2425,2450.45
Wheat,82.07,0.371,81.03,31.38,5.49,51.13,46.57,2425,2117.73
Wheat,52.26,0.795,47.72,27.63,19.9,82.35,81.24,2425,2693.77
Wheat,31.64,0.898,82.75,23.96,37.66,83.91,83.39,2425,2765.8
Wheat,78.82,0.317,44.45,21.0,34.95,43.8,44.77,2425,2047.32
Wheat,27.17,0.303,33.1,30.72,36.07,27.59,31.32,2425,1687.82
Wheat,73.06,0.857,76.33,32.66,37.71,78.23,88.37,2425,2646.35
Wheat,76.07,0.393,74.08,22.05,12.18,49.97,60.64,2425,2020.96
Rice,28.27,0.67,32.54,36.57,31.93,68.1,63.65,2320,2254.53
Rice,83.8,0.575,77.04,31.36,25.76,57.35,69.73,2320,2145.8
Rice,59.68,0.72,68.95,37.75,6.68,72.97,76.3,2320,2566.53
Rice,32.15,0.38,46.68,24.4,19.26,45.63,51.27,2320,1985.21
Rice,49.53,0.431,65.3,24.66,1.62,51.47,66.35,2320,2173.34
Rice,59.35,0.639,72.12,31.61,29.36,71.96,66.84,2320,2447.23
Rice,50.89,0.676,51.64,28.77,33.15,71.4,74.73,2320,2376.62
Rice,56.22,0.78,48.87,35.59,22.24,82.84,81.24,2320,2649.67
Rice,28.33,0.468,50.05,21.63,14.13,37.46,56.28,2320,1704.92
Rice,76.39,0.523,39.22,30.62,5.39,36.36,56.1,2320,2048.0
Rice,71.33,0.487,71.26,32.81,17.45,53.94,58.38,2320,2155.75
Rice,56.51,0.398,39.95,35.56,44.51,46.53,46.44,2320,2065.33
Rice,33.5,0.569,53.55,19.68,33.99,58.85,73.19,2320,2175.88
Rice,35.86,0.844,32.68,22.89,13.14,74.17,83.79,2320,2256.92
Rice,30.05,0.446,80.62,31.39,29.21,45.98,53.05,2320,1986.17
Rice,47.0,0.624,50.31,35.73,21.72,67.64,78.29,2320,2335.21
Rice,79.57,0.652,81.02,25.15,22.45,58.98,62.7,2320,2166.84
Rice,80.04,0.678,40.65,25.12,8.62,62.77,66.0,2320,2278.97
Rice,43.45,0.659,30.44,23.84,31.64,68.23,58.18,2320,2389.22
Rice,53.65,0.757,84.2,33.13,43.34,75.75,67.79,2320,2473.28
Rice,68.94,0.564,63.19,31.74,43.64,52.27,67.11,2320,2244.62
Rice,70.0,0.508,37.43,18.86,34.98,52.18,61.43,2320,2097.31
Rice,83.68,0.547,77.62,19.78,25.0,49.43,63.85,2320,2110.4
Rice,27.22,0.524,32.92,20.29,30.39,43.39,59.5,2320,1889.08
Rice,69.37,0.781,32.94,22.93,27.99,71.96,74.13,2320,2408.61
Rice,65.64,0.318,54.08,36.81,30.22,37.28,37.11,2320,1940.46
Rice,76.2,0.479,65.42,26.34,12.37,50.0,54.24,2320,2073.31
Rice,45.52,0.731,78.45,38.97,13.34,70.8,72.17,2320,2413.95
Rice,84.85,0.721,65.71,26.24,41.19,76.07,74.54,2320,2579.61
Rice,29.03,0.421,31.06,27.52,28.55,52.67,48.52,2320,1906.15
Rice,70.12,0.625,47.07,36.84,10.58,53.73,69.77,2320,2082.41
Rice,69.54,0.654,69.21,24.29,10.86,70.74,71.98,2320,2556.01
Rice,58.69,0.775,77.03,27.21,21.43,85.48,73.52,2320,2533.04
Rice,36.11,0.637,36.11,31.71,42.99,64.88,64.22,2320,2334.09
Rice,82.59,0.362,32.46,23.17,2.95,35.18,45.63,2320,1896.89
Rice,28.06,0.367,53.07,19.27,31.42,35.79,54.91,2320,1822.62
Rice,50.0,0.301,36.72,36.12,0.06,43.05,37.67,2320,1758.63
Rice,50.88,0.768,80.47,23.47,14.51,63.66,67.34,2320,2175.92
Rice,38.7,0.498,85.82,19.02,20.73,56.87,56.23,2320,2168.06
Rice,33.29,0.851,30.56,21.95,1.41,67.27,66.74,2320,2378.82
Rice,59.15,0.654,80.97,18.1,38.4,80.12,69.86,2320,2451.74
Rice,76.33,0.453,85.13,27.54,27.15,59.92,58.81,2320,2097.68
Rice,44.1,0.78,66.04,22.54,18.63,80.19,82.34,2320,2556.86
Rice,45.79,0.311,39.93,33.23,31.86,53.95,52.02,2320,2092.14
Rice,60.63,0.376,38.62,32.56,7.78,49.68,42.56,2320,1981.89
Rice,25.99,0.896,65.08,20.67,40.38,77.82,85.95,2320,2421.83
Rice,41.39,0.33,65.67,24.19,29.86,32.64,49.44,2320,1864.71
Rice,38.88,0.824,45.22,30.83,24.91,79.13,81.78,2320,2616.98
Rice,59.02,0.755,89.01,26.8,23.16,75.24,68.94,2320,2433.09
Rice,49.48,0.356,83.38,26.3,30.72,49.66,41.63,2320,1943.73
Rice,36.97,0.815,84.75,22.46,21.14,64.6,76.96,2320,2298.63
Rice,56.02,0.745,73.87,34.44,25.65,70.03,73.06,2320,2295.55
Rice,72.89,0.36,42.26,33.62,1.04,55.36,49.14,2320,2223.2
Rice,78.25,0.537,49.15,30.78,26.14,50.19,67.02,2320,2039.1
Rice,53.06,0.418,52.63,26.28,5.9,55.6,57.46,2320,1953.34
Cotton,82.29,0.446,35.94,33.82,39.65,42.52,57.14,7520,5922.19
Cotton,56.32,0.581,45.57,18.95,21.67,69.56,64.47,7520,7023.03
Cotton,31.64,0.451,47.69,34.06,39.45,49.78,61.0,7520,6334.01
Cotton,82.18,0.343,38.27,24.39,24.88,24.49,38.35,7520,5124.01
Cotton,57.54,0.399,45.2,21.37,38.34,48.0,47.93,7520,6545.89
Cotton,47.28,0.543,75.6,34.22,9.31,56.57,71.69,7520,6972.49
Cotton,31.02,0.459,80.79,21.77,18.61,52.05,51.51,7520,6888.0
Cotton,76.08,0.825,50.36,29.15,11.18,64.07,79.61,7520,7220.09
Cotton,78.28,0.766,61.06,28.3,23.84,72.98,78.39,7520,7850.53
Cotton,32.54,0.871,58.92,38.02,7.36,81.67,80.61,7520,8219.94
Cotton,26.8,0.371,85.01,24.75,27.37,48.33,49.33,7520,6354.18
Cotton,36.23,0.893,79.1,33.57,21.09,83.66,85.67,7520,8087.75
Cotton,28.01,0.505,77.67,31.08,33.79,53.38,66.52,7520,6873.28
Cotton,51.28,0.683,30.14,38.86,12.64,67.08,71.58,7520,7501.81
Cotton,34.14,0.679,53.58,37.36,14.36,59.01,78.08,7520,7098.31
Cotton,60.98,0.584,87.0,25.2,7.98,68.18,63.06,7520,7611.44
Cotton,51.98,0.835,74.98,38.83,23.91,79.53,84.92,7520,8588.59
Cotton,46.98,0.743,54.19,29.8,32.39,74.94,77.5,7520,8123.75
Cotton,63.82,0.505,54.49,27.24,5.66,59.33,64.82,7520,6981.55
Cotton,64.77,0.312,49.59,22.15,35.02,33.48,42.44,7520,5486.46
Cotton,32.76,0.465,38.32,23.95,30.36,51.67,56.86,7520,6828.25
Cotton,67.08,0.872,66.6,23.36,28.15,88.07,90.95,7520,8710.77
Cotton,66.13,0.314,54.0,36.38,27.46,39.73,52.94,7520,6294.74
Cotton,44.33,0.627,59.39,31.28,15.04,59.98,67.9,7520,7284.15
Cotton,75.6,0.887,74.7,34.06,34.32,94.55,77.09,7520,9158.13
Cotton,63.69,0.474,45.47,30.31,18.45,63.83,54.87,7520,7465.09
Cotton,35.06,0.305,50.17,34.75,37.76,38.87,46.35,7520,5724.94
Cotton,48.4,0.899,41.56,21.23,19.03,98.0,80.9,7520,9351.75
Cotton,29.18,0.383,77.44,23.68,39.82,40.31,43.53,7520,5646.21
Cotton,35.58,0.554,63.13,28.52,30.88,58.07,61.95,7520,7317.84
Cotton,30.71,0.737,88.6,24.68,20.75,71.75,73.73,7520,7859.3
Cotton,46.2,0.772,79.93,35.25,18.75,81.03,82.67,7520,8168.02
Cotton,54.48,0.836,38.63,36.46,4.32,81.16,80.75,7520,7961.55
Cotton,28.17,0.3,56.18,34.27,1.57,35.01,57.42,7520,5929.33
Cotton,33.81,0.816,79.39,29.32,36.86,83.03,77.4,7520,8603.41
Cotton,40.45,0.751,60.25,33.76,20.91,58.59,68.77,7520,6946.65
Cotton,70.09,0.371,35.16,21.7,7.89,51.89,48.85,7520,6847.69
Cotton,33.23,0.692,56.92,26.25,39.38,74.67,61.96,7520,7340.78
Cotton,38.25,0.694,47.35,33.43,25.49,62.53,84.21,7520,7903.89
Cotton,26.59,0.33,66.09,28.21,11.71,32.15,49.48,7520,5340.55
Cotton,58.67,0.531,46.24,28.96,14.16,66.03,57.09,7520,7452.25
Cotton,25.06,0.427,83.67,31.57,7.74,43.59,59.52,7520,6609.74
Cotton,81.13,0.336,42.91,30.3,8.8,33.79,54.97,7520,5602.37
Cotton,37.42,0.554,40.57,20.83,38.71,53.56,57.57,7520,6522.95
Cotton,46.44,0.459,66.63,22.31,39.98,49.85,44.91,7520,6105.18
Cotton,31.92,0.672,37.32,35.9,33.94,71.69,70.05,7520,7883.42
Cotton,27.65,0.541,49.44,37.92,25.96,56.68,59.76,7520,6616.2
Cotton,54.92,0.596,88.25,26.0,17.89,61.95,61.82,7520,7311.78
Cotton,36.59,0.362,81.97,30.38,16.14,40.71,53.26,7520,6179.04
Cotton,80.61,0.86,53.49,24.91,20.3,85.32,80.27,7520,8480.54
Cotton,58.26,0.492,50.74,25.95,4.26,55.43,64.69,7520,6934.92
Cotton,37.87,0.638,75.33,23.41,37.21,67.61,70.86,7520,7664.06
Cotton,28.15,0.867,53.55,37.4,26.05,76.46,81.76,7520,8450.8
Cotton,58.76,0.316,74.61,35.9,22.34,50.57,47.19,7520,6587.42
Cotton,44.84,0.827,52.38,29.87,12.17,76.72,79.89,7520,7453.69
Soybean,57.19,0.879,87.81,35.97,8.44,79.99,80.46,4890,4953.59
Soybean,73.66,0.589,63.86,38.63,27.32,67.1,53.43,4890,4681.63
Soybean,32.1,0.777,80.26,23.97,13.67,82.38,74.41,4890,5396.17
Soybean,52.82,0.714,39.8,32.03,16.95,64.85,72.51,4890,4980.56
Soybean,56.34,0.429,38.38,21.96,15.49,48.09,56.84,4890,4280.66
Soybean,73.54,0.885,34.84,31.69,39.21,79.15,77.22,4890,5334.21
Soybean,27.15,0.621,89.61,38.13,1.82,54.31,67.53,4890,4461.52
Soybean,27.71,0.862,80.25,20.47,2.69,87.23,83.27,4890,5478.35
Soybean,79.94,0.64,53.83,27.35,2.84,50.7,74.4,4890,4357.76
Soybean,42.16,0.879,35.66,36.21,31.85,72.92,85.17,4890,5210.35
Soybean,81.6,0.376,77.75,29.46,24.46,43.77,57.38,4890,4327.02
Soybean,53.98,0.574,53.18,25.59,17.62,72.3,60.16,4890,4993.6
Soybean,51.76,0.858,66.73,18.74,7.09,72.73,93.42,4890,5300.44
Soybean,55.95,0.862,88.63,22.96,2.21,83.76,76.39,4890,5287.82
Soybean,59.11,0.847,62.23,31.15,9.08,80.37,95.68,4890,5171.95
Soybean,81.93,0.509,35.43,22.74,19.7,57.01,57.07,4890,4448.29
Soybean,57.43,0.41,49.24,31.72,30.28,57.77,58.55,4890,4628.95
Soybean,35.13,0.862,41.27,20.25,22.39,79.81,80.93,4890,5233.43
Soybean,84.69,0.592,58.68,26.86,3.01,47.69,75.33,4890,4317.58
Soybean,28.05,0.889,58.14,36.83,21.4,75.83,89.86,4890,5243.64
Soybean,71.91,0.557,68.28,35.98,28.4,68.78,65.92,4890,5044.0
Soybean,82.64,0.523,55.5,35.05,22.76,44.19,56.04,4890,3876.25
Soybean,69.71,0.379,41.92,31.16,33.63,45.21,49.28,4890,4465.14
Soybean,82.36,0.393,41.86,24.12,23.82,43.6,52.64,4890,4215.8
Soybean,35.51,0.515,58.7,21.1,12.3,50.5,63.01,4890,4235.9
Soybean,67.3,0.342,58.87,34.43,33.66,48.9,46.04,4890,4090.36
Soybean,39.45,0.516,40.58,27.82,17.64,43.07,58.5,4890,4446.44
Soybean,41.37,0.379,56.33,24.36,16.62,36.63,54.74,4890,3779.53
Soybean,54.88,0.686,82.03,38.98,27.61,71.56,68.13,4890,4901.75
Soybean,52.66,0.349,30.95,28.02,22.24,51.92,46.95,4890,4444.21
Soybean,75.2,0.365,43.51,34.65,38.15,37.91,57.2,4890,3907.69
Soybean,43.86,0.541,46.09,30.73,42.25,48.29,57.67,4890,4339.77
Soybean,35.19,0.417,33.48,37.94,18.13,39.01,47.34,4890,3798.51
Soybean,35.53,0.787,45.88,37.18,6.3,68.39,71.9,4890,4751.01
Soybean,41.57,0.879,45.88,27.03,19.46,81.96,82.49,4890,5441.8
Soybean,47.7,0.801,42.78,18.09,25.7,65.23,79.49,4890,5079.85
Soybean,56.13,0.786,35.34,26.3,33.62,65.55,79.64,4890,4717.92
Soybean,49.6,0.588,81.71,31.49,31.07,66.51,65.03,4890,4863.58
Soybean,80.4,0.448,73.79,33.85,4.4,55.02,48.53,4890,4318.87
Soybean,52.83,0.474,77.76,37.06,36.12,59.13,55.08,4890,4523.53
Soybean,33.1,0.866,54.12,22.72,38.1,79.92,81.04,4890,5411.61
Soybean,63.36,0.77,42.66,37.27,38.29,61.89,83.65,4890,4873.03
Soybean,77.05,0.483,67.13,33.96,5.77,52.83,65.07,4890,4119.49
Soybean,51.47,0.826,61.65,33.64,36.92,67.1,86.52,4890,4725.81
Soybean,55.17,0.603,64.96,26.3,35.41,64.12,74.33,4890,4899.04
Soybean,65.68,0.614,41.31,34.7,43.23,68.74,65.87,4890,5286.4
Soybean,46.12,0.683,58.44,38.72,4.22,71.04,74.01,4890,5051.67
Soybean,72.27,0.53,88.8,36.55,13.56,54.67,49.15,4890,4535.9
Soybean,64.51,0.798,31.47,22.62,32.04,74.29,80.86,4890,5038.85
Soybean,45.9,0.819,31.85,26.33,42.53,75.94,68.34,4890,4864.03
Soybean,69.76,0.831,42.96,29.16,35.07,92.28,71.09,4890,5622.95
Soybean,82.51,0.726,68.13,33.62,23.92,77.61,72.89,4890,5227.56
Soybean,37.09,0.833,78.71,25.34,26.04,76.35,74.39,4890,5180.27
Soybean,80.31,0.499,40.15,22.45,4.05,42.7,54.18,4890,4396.66
Soybean,29.44,0.38,79.64,30.19,34.85,42.85,49.31,4890,4035.9
Maize,56.33,0.728,56.84,25.27,21.04,74.33,72.41,2280,2380.12
Maize,34.21,0.448,80.52,24.93,30.87,44.42,51.09,2280,1934.81
Maize,43.46,0.43,71.33,37.11,13.28,47.67,60.61,2280,2030.35
Maize,62.31,0.666,67.41,20.84,31.21,64.41,68.3,2280,2140.82
Maize,51.81,0.545,35.2,22.67,19.84,78.92,57.0,2280,2382.41
Maize,53.35,0.6,67.18,37.49,22.13,67.65,61.57,2280,2362.04
Maize,29.31,0.609,58.9,37.36,22.21,65.95,74.88,2280,2140.62
Maize,35.85,0.43,35.71,18.01,19.44,46.6,42.63,2280,1886.75
Maize,59.2,0.393,86.46,21.51,28.2,53.66,47.38,2280,1984.86
Maize,70.58,0.438,84.35,28.5,34.02,56.0,42.65,2280,1875.06
Maize,42.21,0.45,45.77,30.23,44.71,57.64,58.13,2280,2082.12
Maize,76.6,0.86,42.23,29.1,37.48,81.67,85.74,2280,2642.41
Maize,84.1,0.844,77.91,23.65,14.44,76.36,83.25,2280,2443.94
Maize,63.2,0.545,74.95,25.0,14.88,60.35,66.08,2280,2044.62
Maize,51.78,0.437,75.56,29.63,0.95,58.41,51.29,2280,2109.51
Maize,41.5,0.339,33.3,30.22,0.98,50.27,47.32,2280,1862.26
Maize,51.68,0.566,34.31,34.86,40.19,64.38,59.3,2280,2249.01
Maize,57.97,0.39,42.17,31.86,32.62,44.1,45.57,2280,1743.48
Maize,43.02,0.586,51.58,22.71,2.07,70.38,63.72,2280,2296.68
Maize,51.35,0.686,66.62,34.31,36.47,75.03,78.08,2280,2338.09
Maize,61.2,0.447,32.55,22.7,20.47,56.86,49.97,2280,1980.97
Maize,80.54,0.421,85.77,18.38,41.62,38.55,51.07,2280,1845.64
Maize,83.21,0.844,88.24,29.56,3.52,56.67,83.72,2280,1928.38
Maize,50.04,0.643,39.21,33.54,3.38,74.44,57.0,2280,2408.39
Maize,55.59,0.487,88.17,33.4,16.6,63.3,46.04,2280,2104.66
Maize,81.55,0.74,42.91,36.05,17.02,60.57,70.47,2280,2117.38
Maize,80.6,0.455,71.58,38.73,6.78,37.05,52.9,2280,1747.1
Maize,29.27,0.585,75.23,23.99,15.08,53.04,65.31,2280,1983.36
Maize,51.78,0.872,69.05,20.43,39.83,81.06,83.05,2280,2481.0
Maize,66.25,0.328,47.2,20.94,19.85,48.83,46.97,2280,1929.76
Maize,26.92,0.669,52.42,31.68,4.89,63.28,79.44,2280,2286.07
Maize,48.64,0.786,52.67,29.14,26.71,76.07,80.26,2280,2361.12
Maize,50.28,0.36,76.97,37.79,1.0,54.35,49.61,2280,2064.61
Maize,72.25,0.679,85.75,38.6,1.91,62.52,69.89,2280,2225.55
Maize,45.18,0.893,30.97,27.5,37.92,87.8,74.44,2280,2700.33
Maize,53.49,0.379,33.1,37.85,11.96,50.8,44.58,2280,2018.67
Maize,80.81,0.601,88.27,23.44,22.7,50.07,54.67,2280,2038.66
Maize,76.33,0.534,61.84,38.51,8.39,58.87,62.26,2280,2141.35
Maize,37.01,0.708,40.88,32.17,11.86,73.8,74.54,2280,2524.57
Maize,52.99,0.517,81.16,30.01,9.62,61.08,52.69,2280,2191.35
Maize,54.68,0.374,44.31,33.69,5.88,54.59,47.95,2280,1886.77
Maize,67.62,0.728,89.57,25.17,7.33,73.83,68.39,2280,2336.62
Maize,61.79,0.308,85.66,23.56,1.78,35.78,33.75,2280,1729.32
Maize,26.97,0.468,41.58,25.95,17.33,34.99,51.21,2280,1820.72
Maize,26.51,0.421,75.4,38.81,41.78,43.95,51.19,2280,1853.68
Maize,71.44,0.759,80.66,36.81,19.55,72.93,78.08,2280,2441.93
Maize,80.75,0.357,89.66,34.17,4.2,36.67,49.62,2280,1783.18
Maize,72.95,0.661,81.41,20.06,12.42,67.36,70.12,2280,2343.2
Maize,40.91,0.536,55.51,36.47,12.17,58.85,67.56,2280,2193.46
Maize,55.15,0.551,45.44,28.56,6.83,76.73,59.53,2280,2390.9
Maize,74.43,0.454,88.19,34.48,43.54,45.19,50.71,2280,1938.37
Maize,35.2,0.791,65.05,23.53,41.83,89.66,82.12,2280,2555.43
Maize,28.53,0.659,78.95,19.42,23.05,61.46,71.74,2280,2129.82
Maize,81.22,0.837,41.16,24.79,26.44,78.47,75.96,2280,2397.56
Maize,31.25,0.9,57.32,36.32,21.71,83.31,94.06,2280,2795.57
Tomato,80.78,0.868,48.88,25.46,20.36,74.97,77.59,1950,2073.89
Tomato,40.2,0.723,34.03,18.81,29.42,83.17,71.69,1950,1999.4
Tomato,81.99,0.749,82.58,20.87,14.41,80.06,75.79,1950,2153.4
Tomato,28.64,0.521,45.27,26.1,8.86,51.18,60.27,1950,1717.44
Tomato,45.72,0.62,76.31,25.96,26.44,71.66,64.77,1950,1943.74
Tomato,72.62,0.335,55.75,32.66,44.4,50.05,59.62,1950,1658.57
Tomato,32.59,0.751,60.46,33.19,39.12,70.28,74.85,1950,1994.84
Tomato,75.55,0.821,32.19,29.68,9.73,88.42,77.83,1950,2239.51
Tomato,36.29,0.503,72.23,22.29,4.21,53.45,59.21,1950,1693.14
Tomato,42.54,0.883,72.49,30.82,13.84,85.42,81.19,1950,2074.63
Tomato,27.59,0.303,73.77,37.93,34.04,40.66,34.34,1950,1621.41
Tomato,44.48,0.613,55.87,30.56,40.42,49.97,64.89,1950,1739.92
Tomato,35.84,0.511,47.25,21.67,34.38,43.01,57.77,1950,1662.7
Tomato,29.02,0.542,34.82,23.52,44.37,46.18,68.36,1950,1659.25
Tomato,54.88,0.648,52.6,35.36,6.24,73.09,72.1,1950,2060.51
Tomato,47.17,0.641,34.15,21.58,3.11,74.32,63.05,1950,2079.18
Tomato,28.98,0.818,80.13,19.87,1.07,70.18,73.66,1950,1795.77
Tomato,57.9,0.556,77.73,28.27,22.53,70.63,63.0,1950,2014.45
Tomato,28.1,0.587,83.18,31.97,30.83,54.92,64.36,1950,1937.42
Tomato,56.29,0.577,49.61,24.42,11.29,50.66,67.51,1950,1593.73
Tomato,61.13,0.38,71.63,35.8,10.69,51.04,51.64,1950,1674.33
Tomato,70.74,0.892,32.69,33.71,3.23,90.83,80.22,1950,2101.75
Tomato,25.66,0.657,89.47,23.41,8.53,69.74,69.09,1950,2010.35
Tomato,72.54,0.752,83.55,34.92,11.13,72.39,74.6,1950,2094.96
Tomato,80.92,0.709,88.48,26.76,24.18,80.76,76.38,1950,2190.14
Tomato,56.66,0.34,85.89,20.6,8.91,47.56,53.62,1950,1650.28
Tomato,68.54,0.341,71.51,31.26,34.08,42.5,53.25,1950,1512.84
Tomato,44.35,0.718,87.42,30.34,29.9,78.3,69.61,1950,1930.79
Tomato,34.62,0.421,62.37,28.11,25.72,44.72,55.89,1950,1604.69
Tomato,60.11,0.694,73.21,31.47,35.56,66.62,63.6,1950,1934.49
Tomato,56.64,0.824,70.74,19.9,26.65,71.87,73.65,1950,2079.43
Tomato,60.61,0.655,50.32,27.37,38.88,57.71,68.74,1950,1934.12
Tomato,28.02,0.386,41.58,25.84,42.49,42.46,59.58,1950,1528.83
Tomato,45.3,0.789,53.0,34.22,36.12,70.97,80.95,1950,2082.83
Tomato,80.4,0.83,61.33,29.6,9.53,79.14,96.65,1950,2132.29
Tomato,65.98,0.87,79.75,23.82,2.4,85.32,77.49,1950,2141.67
Tomato,63.54,0.578,55.19,20.51,4.35,54.88,59.77,1950,1761.67
Tomato,38.6,0.629,42.91,21.43,25.35,67.27,66.7,1950,1899.51
Tomato,34.06,0.848,84.15,35.41,28.41,64.85,80.15,1950,1993.9
Tomato,25.99,0.875,65.14,34.41,16.98,75.48,85.01,1950,2086.72
Tomato,51.22,0.504,44.99,29.08,16.89,63.84,55.49,1950,1912.54
Tomato,42.64,0.626,59.96,31.52,42.75,61.2,76.84,1950,1928.37
Tomato,40.74,0.578,31.86,30.97,30.52,69.62,62.34,1950,2006.46
Tomato,48.76,0.325,36.0,31.75,44.8,46.29,42.18,1950,1632.1
Tomato,74.61,0.627,67.19,32.63,38.65,60.75,59.96,1950,1967.65
Tomato,36.68,0.302,56.72,25.02,7.47,46.64,51.54,1950,1675.69
Tomato,78.59,0.692,37.46,24.2,41.1,55.42,72.39,1950,1855.31
Tomato,82.04,0.547,70.04,27.59,33.91,50.88,61.47,1950,1869.79
Tomato,38.95,0.7,51.07,36.62,36.87,55.85,75.19,1950,1798.73
Tomato,54.66,0.418,81.65,35.28,40.6,54.45,58.43,1950,1878.59
Tomato,80.91,0.643,55.35,29.77,15.42,63.74,81.98,1950,1977.99
Tomato,54.79,0.833,67.81,28.94,19.29,77.43,88.5,1950,2206.41
Tomato,36.9,0.73,75.6,30.07,38.83,75.73,73.96,1950,2144.93
Tomato,72.92,0.699,80.78,38.86,18.91,71.92,62.18,1950,1913.89
Tomato,80.62,0.537,63.93,20.22,10.16,62.07,63.46,1950,1876.96
Onion,39.76,0.595,78.35,36.8,3.16,53.33,55.75,1720,1587.97
Onion,51.84,0.539,58.31,30.22,22.54,67.22,60.77,1720,1787.28
Onion,45.48,0.78,81.22,21.22,26.22,75.36,82.18,1720,1913.6
Onion,65.28,0.453,60.67,37.92,17.16,53.15,64.98,1720,1630.94
Onion,26.93,0.536,82.24,32.46,23.97,52.17,54.43,1720,1466.32
Onion,53.1,0.835,43.8,21.58,28.93,97.18,74.97,1720,1912.11
Onion,76.63,0.436,60.19,38.81,0.55,42.23,57.38,1720,1460.16
Onion,46.32,0.546,40.08,33.56,35.31,60.91,58.52,1720,1603.26
Onion,25.16,0.479,63.3,25.02,12.24,51.02,59.13,1720,1545.51
Onion,67.4,0.645,35.59,35.73,7.87,64.49,70.81,1720,1644.24
Onion,37.38,0.412,59.82,18.69,10.14,36.21,50.34,1720,1297.01
Onion,77.92,0.779,82.18,32.67,30.34,72.35,77.02,1720,1729.08
Onion,31.03,0.489,34.35,37.84,20.04,49.82,57.4,1720,1335.45
Onion,34.71,0.78,83.25,19.03,33.93,65.64,74.16,1720,1709.81
Onion,40.58,0.381,37.02,20.17,28.7,54.37,40.35,1720,1523.11
Onion,66.21,0.624,86.1,26.09,37.61,57.13,58.16,1720,1503.15
Onion,75.8,0.648,67.61,25.42,30.58,61.66,82.5,1720,1770.0
Onion,28.68,0.658,37.14,23.14,14.8,68.77,72.25,1720,1704.2
Onion,27.7,0.824,71.61,18.84,1.27,63.41,81.22,1720,1765.84
Onion,51.08,0.854,47.27,32.26,2.43,79.24,74.24,1720,1811.08
Onion,52.91,0.432,78.75,33.46,9.99,59.46,57.24,1720,1660.49
Onion,66.03,0.686,68.99,23.68,16.73,72.49,70.02,1720,1791.98
Onion,51.29,0.447,42.57,30.34,10.46,57.32,55.18,1720,1576.81
Onion,47.81,0.559,78.9,24.74,34.11,56.89,59.01,1720,1647.37
Onion,69.87,0.575,54.87,29.03,14.3,56.17,64.78,1720,1646.19
Onion,49.63,0.634,85.84,18.76,27.97,56.02,66.15,1720,1506.76
Onion,38.01,0.465,54.08,29.11,0.04,48.37,51.42,1720,1526.87
Onion,44.74,0.629,43.31,18.51,42.36,59.26,66.76,1720,1616.37
Onion,83.88,0.671,66.62,38.72,3.98,67.72,76.79,1720,1673.55
Onion,50.21,0.53,85.87,21.13,44.87,60.9,57.17,1720,1682.16
Onion,28.46,0.854,64.07,32.79,6.71,71.74,88.41,1720,1863.47
Onion,34.3,0.446,81.26,18.72,31.9,58.46,53.4,1720,1590.65
Onion,65.45,0.336,65.39,32.36,26.47,63.22,45.06,1720,1533.1
Onion,37.46,0.638,82.91,32.0,21.23,59.45,60.37,1720,1495.6
Onion,25.67,0.892,43.35,35.11,7.59,79.55,85.34,1720,1930.56
Onion,72.9,0.875,82.52,21.23,34.95,80.81,79.23,1720,1852.78
Onion,45.18,0.394,30.71,23.21,41.13,45.18,44.99,1720,1361.64
Onion,60.53,0.454,62.58,24.73,12.76,46.43,63.99,1720,1456.81
Onion,64.05,0.377,85.84,28.62,36.88,51.48,45.62,1720,1610.41
Onion,77.51,0.668,46.69,20.09,27.28,74.88,65.01,1720,1829.48
Onion,57.93,0.396,66.62,34.61,36.98,57.1,58.1,1720,1597.7
Onion,53.37,0.693,42.61,38.56,4.41,79.28,66.92,1720,1658.72
Onion,69.74,0.351,76.47,30.39,4.98,51.98,48.8,1720,1491.34
Onion,78.36,0.757,71.89,23.85,31.9,76.85,70.4,1720,1854.14
Onion,39.08,0.536,74.54,27.96,25.68,60.13,61.77,1720,1630.99
Onion,76.58,0.661,52.68,34.59,2.9,63.92,63.16,1720,1745.75
Onion,67.37,0.671,30.3,21.87,28.6,67.43,63.25,1720,1703.16
Onion,51.84,0.75,88.52,27.68,28.91,72.71,83.1,1720,1795.31
Onion,30.85,0.689,76.97,30.91,22.3,73.32,71.6,1720,1871.94
Onion,41.19,0.659,56.51,23.13,39.73,80.62,69.51,1720,1797.93
Onion,35.92,0.739,56.91,18.34,43.38,74.18,87.09,1720,1733.08
Onion,79.41,0.502,66.66,30.78,12.03,56.07,72.8,1720,1584.72
Onion,71.86,0.757,48.98,22.31,20.41,78.4,78.31,1720,1722.76
Onion,82.87,0.579,32.85,19.75,17.56,55.87,64.55,1720,1502.58
Onion,82.56,0.757,68.46,32.2,14.92,70.45,82.52,1720,1805.37
Potato,43.11,0.453,72.67,31.79,20.31,51.84,51.84,1550,1338.29
Potato,41.24,0.464,39.73,24.98,14.91,61.18,60.05,1550,1414.67
Potato,57.5,0.377,71.33,37.82,19.21,47.69,48.33,1550,1304.23
Potato,68.28,0.757,80.58,19.19,34.96,73.34,75.32,1550,1633.55
Potato,84.76,0.338,79.62,31.43,33.08,42.88,53.42,1550,1242.86
Potato,25.05,0.659,51.23,20.6,8.38,54.0,71.8,1550,1398.04
Potato,79.96,0.487,88.93,38.25,6.42,56.19,60.63,1550,1386.06
Potato,30.77,0.413,34.6,30.69,44.4,41.5,60.57,1550,1323.25
Potato,65.68,0.324,82.02,25.66,0.2,44.22,49.35,1550,1300.19
Potato,54.49,0.404,33.46,19.69,32.72,57.8,51.08,1550,1456.33
Potato,36.7,0.316,63.21,32.7,29.15,41.84,53.18,1550,1309.32
Potato,34.26,0.859,75.69,37.38,41.25,80.09,85.26,1550,1659.73
Potato,25.22,0.338,36.57,20.0,15.83,44.6,48.77,1550,1402.2
Potato,33.79,0.749,51.29,18.27,12.63,67.6,78.35,1550,1610.01
Potato,70.6,0.717,38.34,34.96,30.47,72.27,70.54,1550,1555.85
Potato,51.36,0.367,61.1,20.1,7.39,49.13,56.33,1550,1380.48
Potato,46.31,0.493,83.9,29.82,41.36,50.98,50.15,1550,1411.64
Potato,45.73,0.781,82.77,27.92,43.71,81.61,75.97,1550,1720.95
Potato,27.24,0.782,36.09,24.48,25.44,74.19,68.04,1550,1547.05
Potato,29.31,0.586,50.32,22.79,8.5,57.56,59.78,1550,1426.26
Potato,82.58,0.657,68.5,32.91,31.69,57.88,76.39,1550,1454.92
Potato,44.43,0.363,69.88,18.71,12.4,52.85,48.39,1550,1368.81
Potato,62.71,0.553,35.41,27.1,15.87,53.08,65.82,1550,1526.63
Potato,54.22,0.88,75.38,28.44,21.57,87.84,80.38,1550,1705.46
Potato,40.36,0.9,73.12,18.99,2.78,80.16,92.75,1550,1656.84
Potato,81.0,0.862,62.76,30.95,13.14,81.7,79.59,1550,1757.2
Potato,30.13,0.487,30.75,27.11,31.85,45.31,47.58,1550,1346.32
Potato,49.39,0.809,60.39,22.68,42.49,77.46,84.22,1550,1634.08
Potato,47.0,0.511,61.48,36.55,13.16,59.94,70.89,1550,1451.57
Potato,34.46,0.362,60.18,32.11,35.8,49.65,51.86,1550,1336.12
Potato,26.97,0.37,32.32,24.91,22.3,36.47,45.11,1550,1311.77
Potato,65.68,0.7,49.08,25.27,26.33,62.12,78.15,1550,1492.08
Potato,66.64,0.688,38.1,27.26,40.17,65.62,72.38,1550,1556.92
Potato,55.43,0.555,30.61,37.22,20.47,69.31,63.58,1550,1713.43
Potato,80.34,0.634,42.16,32.39,24.7,57.48,69.99,1550,1444.52
Potato,33.3,0.719,88.45,18.6,33.32,74.56,73.5,1550,1529.55
Potato,66.52,0.689,34.13,35.52,23.55,72.69,68.62,1550,1551.62
Potato,55.95,0.451,60.36,20.12,29.65,56.58,57.82,1550,1406.13
Potato,42.97,0.439,67.2,34.52,2.58,61.66,60.66,1550,1391.32
Potato,64.54,0.542,39.25,29.1,3.89,59.96,62.12,1550,1503.81
Potato,58.75,0.635,89.08,23.21,3.42,64.96,58.88,1550,1505.29
Potato,25.43,0.658,45.84,21.95,1.82,53.0,69.36,1550,1396.8
Potato,65.74,0.754,49.69,35.25,31.13,70.51,76.39,1550,1553.7
Potato,84.45,0.769,86.25,36.95,0.92,70.5,82.84,1550,1565.41
Potato,25.4,0.473,75.08,34.65,27.89,44.68,51.6,1550,1207.92
Potato,51.35,0.568,63.14,26.6,24.87,61.94,56.86,1550,1438.17
Potato,80.93,0.639,56.53,32.81,37.72,53.14,74.19,1550,1514.27
Potato,37.52,0.599,65.3,18.05,38.52,48.68,68.26,1550,1351.46
Potato,68.02,0.755,53.52,35.94,18.63,80.66,77.49,1550,1675.77
Potato,68.09,0.64,59.79,35.01,30.66,68.39,80.95,1550,1620.9
Potato,84.28,0.883,85.13,33.86,27.42,79.7,77.84,1550,1679.56
Potato,56.25,0.821,36.58,26.0,22.77,79.79,83.04,1550,1669.89
Potato,75.26,0.591,32.92,18.35,21.31,63.48,71.33,1550,1550.29
Potato,38.7,0.655,39.27,24.38,40.0,69.8,67.92,1550,1483.79
Potato,44.8,0.583,58.8,38.95,5.15,50.83,74.67,1550,1454.46
